Chromosome,Intervals,P_Value,diff
Chr02,2,0.021,12.66666667
Chr03,1,0.037,7
Chr04,2,0.009,6.166666667
